1	image2.png,image3.png,image1.png
2	image1.jpeg
3	image1.jpeg
4	image2.jpeg,image4.png
5	image3.jpeg
6	image5.png
7	image4.jpeg
8	image5.jpeg
9	image6.png,image7.png
10	image8.png
11	image6.jpeg
12	image1.tif,image7.jpeg
13	image9.png,image3.png
14	image10.png,image11.png,image12.png,image13.png,image14.png
15	image13.png,image15.png,image14.png,image16.png,image17.png
16	image13.png,image18.png,image15.png,image16.png,image17.png
17	image19.png
18	image19.png,image1.gif
19	image20.png
20	image21.png
21	image22.png
22	image23.png
23	image8.jpeg
24	image24.png
25	image25.png,image26.png,image27.png,media1.mov,media1.mov,image28.png
26	image29.png,image26.png
27	image29.png,image26.png
28	image29.png,image26.png
29	image29.png,image26.png
30	image30.png
31	image31.png
32	image32.png
33	image9.jpeg,image33.png
34	image34.png,image25.png,image26.png,image27.png
35	image26.png,image27.png,image35.png
36	media1.mov,media1.mov,image28.png,image25.png,image26.png,image27.png
37	image36.png,media1.mp3,media1.mp3,image37.png
38	image38.png
39	image1.jpeg
40	image2.tif
41	image2.tif
42	image39.png
43	image2.tif
44	image2.gif
45	image2.jpeg,image40.png
46	image2.tif
47	image2.tif
48	image2.tif
49	image41.png,image42.png,image2.tif
50	image41.png,image2.tif,image43.png
51	image2.tif,image44.png
52	image45.png,image2.tif
53	image10.jpeg
54	image46.png,image2.tif
55	image47.png,image2.tif
56	image2.tif
57	image2.tif
58	image2.tif
59	image48.png
60	image49.png
61	image2.tif,image50.png
62	image51.png
63	image50.png,image52.png,image53.png,image54.png,image55.png,image56.png,image57.png
64	image58.png
65	image59.png
66	image60.png
67	image2.tif
68	image2.tif,image45.png
69	image61.png,image62.png
70	image63.png,image2.jpeg
71	image64.png
72	image65.png,image25.png,image64.png
73	image25.png,image15.png,image16.png,image64.png
74	image66.png,image67.png,image68.png,image69.png
75	image68.png,image69.png,image70.png
76	image2.tif
77	image71.png,image72.png
78	image63.png,image2.jpeg
79	image2.tif
80	image2.tif
81	image2.tif
82	image19.png
83	image73.png
84	image53.png
85	image73.png
86	image73.png
87	image50.png,image52.png,image53.png,image54.png,image55.png,image56.png,image57.png
88	image2.tif,image3.png
89	image74.png,image75.png
90	image76.png,image77.png
91	image73.png
92	image73.png
93	image45.png
94	image11.jpeg
95	image73.png
96	image12.jpeg
97	
98	image13.jpeg
99	image78.png
100	image12.jpeg
101	image12.jpeg
102	image78.png
103	image73.png
104	image25.png,image79.png,image15.png,image16.png
105	image80.png
106	image14.jpeg
107	image2.jpeg,image4.png
108	image73.png
109	image81.png
110	image82.png
111	image83.png
112	image84.png
113	image85.png
